<?xml version="1.0" encoding="UTF-8"?>
<project-private xmlns="http://www.netbeans.org/ns/project-private/1">
    <editor-bookmarks xmlns="http://www.netbeans.org/ns/editor-bookmarks/2" lastBookmarkId="0"/>
    <open-files xmlns="http://www.netbeans.org/ns/projectui-open-files/2">
        <group>
            <file>file:/D:/Scripts/Ayudantía9/Talle2/src/talle2/SistemaUCRImpl.java</file>
            <file>file:/D:/Scripts/Ayudantía9/Talle2/src/talle2/Paralelo.java</file>
            <file>file:/D:/Scripts/Ayudantía9/Talle2/src/talle2/ListaResultados.java</file>
            <file>file:/D:/Scripts/Ayudantía9/Talle2/src/talle2/Profesor.java</file>
            <file>file:/D:/Scripts/Ayudantía9/Talle2/src/talle2/SistemaUCR.java</file>
            <file>file:/D:/Scripts/Ayudantía9/Talle2/src/talle2/AsignaturaObligatoria.java</file>
            <file>file:/D:/Scripts/Ayudantía9/Talle2/src/talle2/Talle2.java</file>
            <file>file:/D:/Scripts/Ayudantía9/Talle2/src/talle2/ListaEstudiantes.java</file>
            <file>file:/D:/Scripts/Ayudantía9/Talle2/src/talle2/Estudiante.java</file>
            <file>file:/D:/Scripts/Ayudantía9/Talle2/src/talle2/ListaProfesores.java</file>
            <file>file:/D:/Scripts/Ayudantía9/Talle2/src/talle2/Asignatura.java</file>
            <file>file:/D:/Scripts/Ayudantía9/Talle2/src/talle2/Resultado.java</file>
            <file>file:/D:/Scripts/Ayudantía9/Talle2/src/talle2/AsignaturaOpcional.java</file>
            <file>file:/D:/Scripts/Ayudantía9/Talle2/src/talle2/ListaAsignaturas.java</file>
            <file>file:/D:/Scripts/Ayudantía9/Talle2/src/talle2/ListaParalelos.java</file>
        </group>
    </open-files>
</project-private>
